time,verified,comments,retweets,likes,followers
49,0,0,0,0,1
36,0,0,0,0,2
5760,0,1,171,35,3
240,0,0,0,0,7
600,0,3,1,9,7
16,0,1,0,0,9
15,0,0,0,0,10
1260,0,2,2,10,11
4320,0,10,99,102,11
1080,0,5,46,148,19
1260,0,2,2,9,21
8640,0,1,11,25,25
16,0,3,0,0,26
360,0,5,4,5,27
2880,0,15,135,715,37
2880,0,1,16,35,43
23,0,6,49,122,48
1440,0,18,5,38,58
2880,0,4,420,346,58
7200,0,1,36,3,61
4320,0,8,2,17,62
38,0,6,164,410,63
2880,0,5,10,94,63
8,0,2,0,0,67
7200,0,2,3,20,68
6,0,0,1,0,72
2880,0,2,4,13,73
2880,0,2,4,31,78
2880,0,3,66,746,78
22,0,2,9,49,79
2880,0,0,0,0,79
4320,0,2,58,251,84
780,0,0,0,0,86
4320,0,0,0,0,86
840,0,3,46,99,88
720,0,21,459,1000,93
780,0,21,460,1000,93
4320,0,0,0,0,100
17,0,0,0,0,101
4320,0,1,7,27,102
2880,0,1,4,18,103
7200,0,2,15,71,105
360,0,6,345,1000,107
4320,0,2,0,0,107
900,0,1,14,32,108
8,0,0,0,0,110
240,0,1,9,11,112
1,0,0,0,0,123
1140,0,1,14,18,124
600,0,17,161,1000,125
1440,0,8,5000,5000,140
4320,0,4,11,29,146
1140,0,16,5,16,151
60,0,5,36,90,153
7200,0,17,8000,6000,157
780,0,1,13,122,168
5760,0,3,89,164,169
2880,0,1,8,34,171
780,0,5,120,349,172
4320,0,2,5000,2000,172
4320,0,12,152,658,186
4320,0,12,152,659,186
2880,0,57,244,792,188
7200,0,5,152,462,191
11520,0,1,6,25,195
8640,0,9,223,1000,199
720,0,2,144,312,203
1260,0,3,17,59,203
2880,0,4,32,97,203
480,0,7,89,425,208
840,0,1,2,10,208
900,0,1,2,10,208
2880,0,4,194,668,225
4320,0,2,24,78,226
1200,0,0,0,0,237
2880,0,80,2000,21000,243
1440,0,0,0,0,244
2880,0,2,135,293,247
8640,0,9,153,598,248
11520,0,4,55,77,267
12960,0,5,68,88,269
1440,0,38,1000,1000,271
2880,0,10,20,41,279
2880,0,21,95,406,283
4320,0,1,19,76,286
5760,0,9,134,359,286
8640,0,4,369,912,288
8640,0,4,369,913,288
1080,0,6,24,122,290
4320,0,22,96,417,291
4320,0,12,24,47,302
4320,0,12,24,47,303
1260,0,4,14,121,310
180,0,103,2000,3000,319
60,0,18,584,461,334
600,0,8,33,174,335
660,0,9,44,205,340
1,0,0,0,0,353
1380,0,2,182,84,353
120,0,17,122,222,372
1,0,0,0,0,390
960,0,67,228,1000,435
4320,0,44,2000,7000,441
120,0,36,434,342,450
120,0,38,457,360,450
1380,0,4,282,2000,460
2880,0,1,6,0,470
1260,0,1,4,23,506
2880,0,1,7,14,506
360,0,412,1000,5000,516
2880,0,43,214,855,532
11520,0,6,99,269,535
7200,0,1,22,156,545
4320,0,1,8,53,559
4320,0,1,24,164,565
4320,0,3,16,140,573
600,0,33,1000,606,580
660,0,38,1000,755,580
720,0,38,2000,780,581
48,0,1,5,16,599
2880,0,50,3000,1000,600
7200,0,2,56,112,601
600,0,1,25,130,631
2880,0,8,131,484,631
4320,0,8,133,490,631
1080,0,2,35,93,633
240,0,6,58,187,641
60,0,0,4,0,643
1440,0,2,7,15,645
7200,0,2,22,45,651
1260,0,135,23000,104000,669
1440,0,4,29,104,691
1440,0,4,29,105,691
4320,0,16,69,645,701
7200,0,2,8,38,742
4320,0,1,140,280,765
2880,0,16,7,18,788
4320,0,3,59,256,834
43,0,2,45,38,836
360,0,13,235,731,845
120,0,4,42,343,873
7200,0,1,37,61,886
240,0,54,43,285,888
2880,0,24,5000,19000,890
2,0,2,1,4,916
1440,0,1,34,96,930
360,0,1,11,13,944
4320,0,24,632,3000,946
4320,0,1,4,4,956
1440,0,4,337,2000,958
60,0,3,26,40,979
23,0,5,295,309,988
1080,0,10,78,346,994
11520,0,5,885,2000,1008
1320,0,1,142,494,1030
9,1,2,14,32,1048
22,1,3,18,41,1051
4320,0,11,350,2000,1078
120,0,18,25,129,1100
60,0,14,754,2000,1102
1140,0,10,55,322,1130
7200,0,2,25,168,1154
10,0,0,2,0,1156
840,0,18,769,2000,1176
840,0,18,770,2000,1176
1080,0,14,1000,2000,1189
2880,0,35,742,1000,1190
11520,0,5,52,211,1190
180,0,1,590,292,1226
7200,0,5,12,54,1235
60,0,13,32,122,1269
900,0,109,117,981,1335
4320,0,241,55000,205000,1356
1260,0,6,761,1000,1387
48,0,29,367,921,1390
60,0,44,785,2000,1397
1440,0,17,483,3000,1405
1440,0,14,137,2000,1435
300,0,2000,2000,2000,1450
120,0,22,12,82,1457
600,0,4,79,212,1479
4320,0,32,4000,11000,1489
180,0,8,112,132,1497
1320,0,3,3000,6000,1499
1440,0,5,431,1000,1516
44,0,9,16,152,1518
56,1,41,142,204,1532
660,0,43,2000,4000,1534
720,1,25,820,2000,1544
2880,0,25,5000,16000,1548
720,0,1,68,194,1610
5760,0,13,76,311,1620
360,0,12,1000,2000,1639
24,0,6,37,191,1688
2880,0,70,7000,18000,1720
2880,0,70,7000,18000,1721
780,0,1,37,27,1739
900,0,4,13,40,1801
660,0,2,64,367,1817
2880,0,3,155,545,1842
1260,0,74,5000,11000,1852
8640,0,1,16,121,1854
8640,0,2,120,395,1874
2880,0,18,22,36,1876
1440,0,98,118,287,1911
2880,0,39,405,846,1926
7200,0,7,35,321,1935
4320,0,58,2000,6000,1964
120,0,5,169,527,1970
120,0,5,225,691,1971
5760,0,61,2000,6000,1974
1080,0,5,87,576,2019
54,1,2,13,86,2024
2880,0,46,14,111,2033
1320,1,987,2000,6000,2062
25,0,2,66,187,2064
6,0,2,1,7,2091
8640,0,5,79,180,2102
1440,0,60,3000,6000,2116
1,0,0,0,0,2197
10080,0,8,104,259,2213
300,0,12,239,165,2243
1440,0,6,66,307,2269
840,0,5,45,420,2280
1440,0,2,153,663,2284
2880,0,2,342,739,2288
5760,0,16,435,1000,2301
240,0,52,52,92,2411
2880,0,2,101,364,2455
240,0,3,186,274,2484
4320,0,3,57,105,2546
2880,0,6,405,1000,2565
660,0,1,78,174,2572
2880,0,5,66,453,2574
60,0,9,105,419,2580
7200,0,3,85,147,2595
780,0,30,2000,8000,2674
840,0,33,3000,9000,2705
1440,0,18,3000,10000,2748
420,0,3,38,88,2762
180,0,3,74,152,2772
960,0,9,81,262,2794
1440,0,2,93,307,2799
720,0,20,8000,27000,2846
4320,0,12,336,2000,2872
1440,0,7,356,405,2893
240,0,20,134,210,2911
120,0,13,88,117,2912
60,0,2,15,100,2913
2880,0,156,3000,12000,2916
180,0,2,249,462,2964
240,1,7,24,77,2966
1320,0,1,39,69,2990
180,0,3,84,425,2995
4320,0,2,16,59,3158
240,0,3,66,441,3161
1440,0,12,490,1000,3357
1440,0,12,498,1000,3357
1440,0,20,201,2000,3434
360,0,3,66,235,3441
180,0,4,594,406,3483
240,0,2,166,757,3680
7200,0,13,191,4000,3714
13,0,19,183,804,3728
1440,0,1,57,80,3739
1080,0,16,232,166,3891
2880,0,425,819,825,3895
2880,0,425,819,825,3896
4320,0,2,303,275,3985
1260,0,33,4000,12000,4050
660,0,7,367,2000,4093
1080,0,7,178,404,4115
10080,0,1,80,243,4123
1320,0,2,126,50,4337
2880,0,3,97,396,4345
8640,1,317,3000,7000,4374
240,0,7,200,607,4402
300,0,7,722,810,4404
2880,0,10,468,2000,4419
2,1,0,0,0,4449
2880,0,1,7,460,4471
5760,0,3,120,339,4625
4320,0,3,120,338,4631
2880,0,17,1000,3000,4634
5,1,6,33,136,4638
120,1,7,120,488,4638
900,0,4,315,1000,4847
900,0,4,317,1000,4847
10080,0,1,52,230,4910
1440,0,3,136,319,4965
60,0,4,16,45,5011
1440,0,524,2000,2000,5127
540,0,31,1000,4000,5191
600,0,32,1000,5000,5194
2880,0,474,36000,163000,5196
1200,0,640,67000,246000,5236
1260,0,645,68000,250000,5238
1260,0,646,68000,250000,5238
1440,0,1,23,12,5320
2880,0,44,318,566,5461
180,0,1,161,278,5495
120,0,42,349,2000,5563
4320,0,18,303,1000,5577
2880,0,10,931,3000,5612
780,1,8,94,112,5615
180,0,2,87,443,5681
1320,0,2,33,78,5836
57,0,11,150,603,6055
60,0,125,14,117,6137
4320,1,47,1000,5000,6148
9,0,1,10,46,6155
47,0,1,189,213,6206
56,0,3,189,465,6251
420,0,3,247,882,6279
2880,0,17,26,397,6304
60,0,1,182,267,6344
120,0,10,197,334,6413
32,0,5,21,14,6572
120,0,252,200,573,6630
1440,0,7,62,281,6722
600,0,9,321,553,6950
35,0,1,18,18,6997
2880,1,104,2000,2000,7001
1440,0,58,392,391,7042
180,1,4,74,256,7145
1080,0,39,7000,8000,7164
300,1,21,574,618,7219
540,0,131,1000,4000,7226
1440,1,6,107,366,7427
120,0,1,271,474,7530
1380,0,124,3000,14000,7613
540,0,6,58,171,7680
3,0,0,0,0,7697
720,0,88,344,3000,7778
360,1,162,102,322,7783
2,0,3,10,43,7899
13,0,3,44,132,7949
1440,0,6,41,99,7959
360,0,59,954,2000,7985
840,0,4,252,568,7999
4320,0,4,57,457,8004
60,1,9,78,351,8104
8640,0,5,103,534,8105
60,1,2,79,184,8159
60,1,1,16,64,8166
120,1,1,28,105,8167
780,0,26,4000,7000,8238
2880,0,51,6000,10000,8327
180,0,9,19,60,8339
4320,0,74,1000,4000,8381
4320,1,5,69,492,8383
60,0,158,1000,2000,8430
2880,1,61,355,4000,8548
2880,0,1,30,184,8576
120,0,7,26,128,8767
240,0,4,93,297,8864
240,0,4,93,304,8864
780,0,6,712,2000,8934
5760,0,16,2000,2000,8935
2880,0,93,370,3000,8983
120,1,5,92,35,8984
7200,0,250,2000,8000,9007
1,1,0,0,0,9025
1260,1,33,475,768,9110
60,0,2,17,54,9164
240,1,6,57,257,9209
360,0,1,461,781,9225
120,0,9,68,122,9313
120,0,9,72,133,9315
4320,0,1,49,287,9318
2,1,0,0,0,9509
1440,0,214,2000,4000,9605
1020,0,9,249,644,9696
540,0,734,22000,16000,9751
240,0,10,334,164,9838
780,0,56,2000,707,9907
19,0,10,77,268,10000
540,0,74,113,213,10000
180,1,48,146,1000,10000
2,0,0,0,0,11000
12,0,3,0,0,11000
360,0,46,570,725,11000
1140,0,1,63,90,11000
2880,0,4,474,2000,11000
4320,0,3,551,2000,11000
4320,0,3,552,2000,11000
10080,0,3,57,347,11000
2,1,1,2,11,11000
14,0,48,46,80,12000
240,0,1,837,736,12000
540,0,59,588,1000,12000
780,0,89,622,2000,12000
1320,0,348,669,4000,12000
1440,0,4,54,88,12000
2880,0,382,764,4000,12000
7200,0,4,70,574,12000
20,1,16,5,64,12000
120,1,18,13,117,12000
180,1,2,51,87,12000
1020,1,64,155,1000,12000
1,0,0,13,0,13000
27,0,20,28,127,13000
2880,0,26,591,2000,13000
10080,0,8,37,214,13000
11520,0,8,37,214,13000
60,1,32,101,223,13000
120,1,13,22,235,13000
300,1,131,2000,4000,13000
4,0,6,2,19,14000
60,0,7,512,455,14000
240,0,11,49,105,14000
240,0,11,49,106,14000
240,0,5,2000,5000,14000
900,0,23,1000,2000,14000
5760,0,11,598,3000,14000
1,1,1,0,0,14000
5,1,1,11,34,14000
43,1,1,54,179,14000
240,1,25,19,123,14000
240,1,27,117,594,14000
300,1,33,144,712,14000
600,1,5,70,208,14000
2880,1,25,107,574,14000
360,0,5,235,1000,15000
1440,0,3000,256,3000,15000
4320,0,11,141,521,15000
5760,0,11,139,520,15000
1,1,0,0,0,15000
3,1,4,37,107,15000
31,1,6,81,277,15000
180,1,2000,673,2000,15000
2880,1,34,84,157,15000
120,0,6,274,747,16000
240,0,80,394,2000,16000
240,0,90,439,3000,16000
300,0,72,354,1000,16000
300,0,2,620,2000,16000
480,0,4,79,321,16000
2880,0,93,237,621,16000
2880,0,94,240,623,16000
120,1,9,52,188,16000
180,1,8,195,744,16000
1440,1,5,115,670,16000
180,0,3,127,382,17000
420,1,39,652,638,17000
960,1,15,108,394,17000
58,0,0,0,0,18000
180,0,4,86,375,18000
660,0,40,673,3000,18000
1440,0,29,920,2000,18000
1440,0,29,930,2000,18000
2880,0,22,6000,27000,18000
8640,0,2,411,1000,18000
3,1,21,22,114,18000
15,1,1,53,147,18000
120,1,1,132,357,18000
120,1,5,194,415,18000
240,1,15,101,238,18000
60,0,163,540,535,19000
120,0,2,228,417,19000
240,0,9,67,425,19000
480,0,1,328,843,19000
1,1,3,9,40,19000
2880,1,10,134,890,19000
5760,1,127,957,4000,19000
10,0,8,51,127,20000
120,0,104,1000,2000,20000
120,0,117,1000,2000,20000
2880,0,842,33000,105000,20000
2880,0,841,33000,106000,20000
4320,0,35,2000,11000,20000
26,1,4,42,166,20000
31,1,4,74,125,20000
540,1,16,149,886,20000
600,1,35,119,75,20000
1440,1,3,65,337,20000
1440,1,3,67,348,20000
2880,1,4,70,380,20000
3,0,898,661,344,21000
420,0,44,349,1000,21000
1440,0,14,637,1000,21000
10080,0,2,258,690,21000
53,1,6,51,215,21000
5760,1,67,1000,1000,21000
10080,0,20,610,5000,22000
120,1,53,6,154,22000
1380,1,215,474,4000,22000
180,0,19,750,5000,23000
300,0,22,1000,8000,23000
2,1,3,10,57,23000
15,1,1,13,32,23000
17,1,2,10,106,23000
240,1,67,353,2000,23000
17,0,1,48,98,24000
59,0,3,35,126,24000
60,0,3,40,76,24000
300,0,9,683,1000,24000
300,0,9,686,1000,24000
120,1,14,135,723,24000
120,1,16,164,892,24000
1140,1,48,2000,6000,24000
2880,1,6,102,180,24000
120,0,1,40,300,25000
660,0,54,2000,6000,25000
720,0,54,2000,6000,25000
1440,0,29,340,893,25000
4320,0,37,484,1000,25000
4320,0,37,489,1000,25000
2880,1,78,38,553,25000
120,0,6,74,58,26000
21,1,7,30,197,26000
5760,1,153,36,534,26000
120,0,35,114,520,27000
8,1,5,27,169,27000
58,1,14,91,507,27000
60,1,15,105,574,27000
4,0,7,13,40,28000
60,1,47,149,465,28000
120,1,64,8,67,28000
120,1,121,786,2000,28000
1260,1,148,2000,3000,28000
420,0,17,843,1000,29000
480,0,17,862,1000,29000
60,1,84,68,451,29000
1440,1,6,116,146,29000
1,0,157,169,231,30000
180,0,99,139,609,30000
960,0,425,852,778,30000
2880,0,269,1000,2000,30000
2880,1,22,182,824,30000
5760,1,1,15,47,30000
240,0,1,113,715,31000
1,1,1,9,34,31000
33,1,23,95,345,31000
46,1,24,116,430,31000
47,1,24,118,443,31000
120,1,5,72,250,31000
240,1,20,77,450,31000
1200,1,6,80,583,31000
120,0,77,79,716,32000
2880,0,12,247,778,32000
2,1,0,0,0,32000
7,1,4,44,129,32000
11,1,12,84,314,32000
60,1,109,58,36,32000
120,1,204,102,74,32000
480,1,401,2000,10000,32000
3,0,55,65,230,33000
20,1,4,14,41,33000
60,1,29,525,904,33000
120,1,2,16,55,33000
180,1,166,937,5000,34000
2880,0,574,367,1000,35000
180,1,15,162,941,35000
15,0,14,24,110,36000
120,0,33,395,790,36000
180,0,19,152,628,36000
60,1,32,200,743,36000
120,1,42,311,1000,36000
2880,1,323,252,2000,36000
4320,1,3,28,63,36000
5760,0,48,1000,4000,37000
5,1,5,12,43,37000
40,1,4,13,122,37000
60,1,20,291,2000,37000
180,1,8,12,373,37000
180,1,43,721,2000,37000
360,1,27,161,179,37000
2880,1,15,177,386,37000
60,0,19,233,1000,38000
41,1,6,171,459,38000
7200,1,38,1000,5000,38000
120,0,3,74,78,39000
4,1,6,17,94,39000
60,1,3,19,142,39000
1440,0,1000,8000,37000,40000
1440,1,54,431,764,40000
120,0,55,595,2000,42000
180,0,56,644,2000,42000
1200,0,1000,532,3000,42000
12,1,18,63,665,42000
14,1,14,4,70,42000
240,1,5,100,254,42000
1200,1,27,499,2000,42000
2880,1,95,965,8000,42000
4320,1,99,985,8000,42000
11520,1,43,1000,4000,42000
1,1,14,14,95,43000
3,1,2,40,70,43000
3,1,4,86,331,43000
28,1,38,28,124,43000
28,1,39,28,124,43000
180,1,4,408,925,43000
360,1,1,189,578,43000
1440,0,9,229,363,44000
12,1,19,104,413,45000
120,1,72,150,468,45000
12,0,5,171,765,46000
4,1,24,33,162,46000
120,1,4,88,276,46000
180,1,35,21,226,46000
180,1,35,22,238,46000
2880,1,31,276,623,46000
60,0,53,248,377,47000
120,0,18,35,470,47000
240,0,58,333,2000,47000
360,0,28,614,1000,47000
1,1,0,0,0,47000
8,1,5,19,95,47000
60,1,65,145,827,47000
60,1,13,276,849,47000
120,1,36,245,448,47000
120,1,37,249,458,47000
120,1,4,254,2000,47000
51,1,20,116,732,48000
180,1,75,237,1000,48000
9,0,0,0,0,49000
240,0,45,4000,10000,49000
26,1,13,19,95,49000
60,1,5,33,171,49000
480,1,1,92,155,49000
52,0,6,77,313,50000
300,0,67,541,3000,50000
360,0,69,557,3000,50000
360,0,75,580,4000,50000
720,0,28,2000,3000,50000
2880,0,2,39,154,50000
29,1,11,26,119,50000
32,1,4,42,148,50000
60,1,32,38,55,50000
120,1,3,79,159,50000
120,1,104,277,2000,50000
120,1,110,318,3000,50000
240,1,4,96,197,50000
2880,1,21,279,3000,50000
4320,1,21,285,3000,50000
7200,1,247,452,707,51000
60,0,1,75,116,52000
300,0,85,110,230,52000
3,1,49,18,149,52000
10,1,0,0,0,52000
60,1,5,42,116,52000
120,1,6,23,254,52000
240,1,141,92,556,52000
1200,1,1,100,230,52000
41,1,5,99,678,53000
120,1,0,0,0,53000
120,1,4,20,65,53000
780,1,78,620,966,53000
17,1,3,46,123,54000
31,1,82,763,709,54000
34,1,23,649,2000,54000
42,1,25,680,2000,54000
48,1,36,151,590,54000
120,1,42,1000,4000,54000
2880,1,10,92,204,54000
38,1,4,157,308,55000
60,1,52,198,1000,55000
1200,1,33,53,517,55000
2880,1,18,177,1000,55000
42,0,83,592,834,56000
120,0,152,1000,2000,56000
26,1,4,22,56,56000
120,1,42,81,841,56000
24,1,34,75,356,57000
60,1,0,0,0,57000
60,1,31,25,89,57000
7200,1,154,985,8000,57000
1,1,2,0,0,58000
120,1,5,41,104,58000
600,1,16,62,717,58000
1440,1,61,256,2000,58000
36,0,72,774,2000,59000
43,1,0,0,0,59000
180,1,8,68,249,59000
1140,1,29,165,451,60000
2880,1,16,360,1000,60000
4320,1,74,3000,14000,60000
4,1,3,15,44,61000
32,1,69,77,452,61000
60,1,5,115,243,61000
8640,0,11,3000,15000,62000
180,1,110,298,2000,62000
3,0,16,68,241,63000
15,0,62,238,790,63000
17,1,11,132,212,63000
1020,1,28,160,756,64000
60,0,3,262,423,65000
60,0,3,275,455,65000
120,0,43,84,236,65000
180,0,28,2000,7000,66000
240,0,30,2000,8000,66000
60,1,12,58,106,66000
1440,1,60,795,4000,66000
2880,1,30,192,1000,66000
16,1,2,106,411,67000
19,1,5,132,487,67000
56,1,1,35,81,67000
36,0,7,412,117,68000
60,0,0,0,0,68000
120,0,1,449,507,68000
120,1,3,399,326,68000
5760,1,40,29000,10000,68000
480,1,42,91,367,70000
1440,1,404,216,419,70000
780,1,111,277,2000,71000
34,1,6,22,134,72000
35,1,72,479,1000,72000
49,1,83,557,2000,72000
50,1,6,106,231,72000
1440,1,3,151,635,72000
7200,0,18,835,8000,73000
2880,1,143,397,3000,73000
2880,1,144,405,3000,73000
660,0,128,886,6000,74000
7,1,14,342,509,74000
5760,1,200,2000,13000,74000
14,1,2,34,86,75000
240,1,4,537,1000,75000
49,0,33,76,175,76000
420,1,47,143,816,76000
1080,1,93,238,1000,76000
1080,1,93,240,1000,76000
1440,0,11,286,802,77000
2880,0,333,7000,18000,77000
180,1,337,1000,8000,77000
480,1,20,154,221,77000
120,0,7,351,318,78000
180,0,7,395,392,78000
1,1,13,22,136,78000
52,1,10,24,117,78000
300,1,73,1000,3000,78000
360,1,75,2000,4000,78000
2880,1,34,891,4000,78000
1260,1,416,3000,13000,79000
1320,0,401,476,2000,80000
4320,0,238,82,2000,80000
180,1,17,89,159,80000
180,1,19,177,902,80000
180,1,19,178,906,80000
180,1,19,182,931,80000
5760,0,54,72,2000,81000
2,1,3,7,32,81000
120,1,47,156,460,81000
60,0,2,563,2000,82000
360,1,11,1000,3000,82000
420,1,13,1000,3000,82000
480,1,61,141,2000,83000
660,1,21,92,780,83000
2,1,1,35,162,85000
60,1,141,2000,16000,85000
480,1,45,633,1000,85000
960,1,237,106,178,85000
2880,1,340,2000,7000,85000
300,0,62,1000,3000,86000
1380,0,20,460,1000,86000
120,1,93,65,650,86000
4320,1,16,206,687,86000
180,0,8,261,1000,87000
300,0,284,447,2000,87000
840,0,28,4000,13000,87000
1260,1,348,404,2000,87000
8640,1,23,142,2000,87000
360,1,69,1000,9000,88000
60,0,25,553,2000,89000
47,1,8,140,715,89000
2880,1,84,4000,5000,90000
3,0,1,51,104,92000
540,0,27,896,4000,92000
2,1,1,10,48,92000
120,1,32,140,2000,93000
180,0,38,377,894,94000
360,0,5,256,627,94000
360,0,126,5000,12000,94000
420,0,5,260,645,94000
420,0,138,6000,13000,94000
360,1,3,125,113,94000
420,1,108,2000,7000,95000
3,1,4,26,103,96000
420,1,151,35,106,96000
1380,1,52,595,2000,96000
2880,1,174,18,223,97000
1,1,3,0,0,98000
480,1,926,213,737,98000
180,0,24,3000,4000,99000
420,0,37,3000,6000,99000
120,1,7,50,32,99000
180,1,27,186,595,100000
240,1,60,1000,2000,100000
300,1,31,243,753,100000
120,0,7,294,1000,103000
120,0,46,355,912,103000
900,0,0,0,0,103000
180,1,232,239,735,103000
240,1,270,263,824,103000
2880,1,5,31,154,104000
9,1,2,10,71,105000
26,1,21,12,102,105000
180,0,27,909,3000,108000
300,0,23,2000,6000,108000
60,1,274,278,211,109000
120,1,345,358,271,109000
720,1,47,178,2000,109000
900,0,25,146,2000,111000
960,0,26,170,2000,111000
900,1,2,204,531,113000
1200,0,143,3000,31000,114000
60,1,172,152,431,114000
5760,1,34,149,2000,115000
28,1,58,29,611,118000
2880,1,119,2000,2000,118000
240,0,13,599,2000,119000
120,1,3,115,123,121000
2880,1,52,201,1000,121000
7,1,20,91,412,122000
58,1,6,60,417,122000
120,1,9,33,365,122000
240,1,5,40,53,122000
34,1,41,136,2000,123000
60,1,19,402,2000,123000
2880,1,9,3000,6000,123000
55,1,11,134,668,124000
59,1,11,134,671,124000
900,1,432,861,2000,124000
960,1,2,182,35,124000
960,1,2,185,36,124000
39,1,12,115,364,125000
2880,1,242,2000,14000,125000
1440,0,703,3000,11000,126000
22,1,8,207,942,126000
60,1,19,120,536,126000
120,1,21,154,665,126000
1320,1,1,30,104,128000
5760,1,171,11,152,128000
5760,1,150,577,3000,128000
4320,1,114,919,5000,129000
120,0,29,70,107,130000
43,1,5,66,158,130000
60,1,4,16,49,130000
180,1,2,73,67,130000
180,1,147,476,703,130000
180,1,148,479,705,130000
540,1,5,113,131,130000
360,0,69,720,2000,131000
360,0,72,761,2000,131000
180,1,16,34,319,131000
35,0,4,173,498,132000
2,1,5,51,122,133000
120,1,7,23,123,133000
120,1,8,24,138,133000
120,1,188,138,1000,134000
2,1,15,13,79,135000
60,1,26,66,128,135000
360,1,69,51,122,136000
660,1,126,1000,4000,136000
840,1,2,392,103,136000
960,1,2,419,109,136000
960,1,280,444,702,136000
240,1,255,2000,7000,137000
420,1,73,62,153,137000
180,1,1,68,55,139000
480,1,108,2000,8000,139000
2880,1,50,270,2000,139000
1080,0,62,671,2000,141000
1080,0,62,672,2000,141000
46,1,1,33,40,142000
240,1,7,129,760,142000
60,0,20,963,3000,143000
8,1,11,44,62,144000
15,1,8,34,195,144000
24,1,24,85,134,144000
35,1,49,388,1000,144000
42,1,27,79,163,144000
59,1,49,460,1000,144000
60,1,35,109,216,144000
8640,1,34,920,2000,144000
2,1,4,16,32,146000
30,1,16,78,101,150000
360,1,4,64,178,150000
900,0,9,4000,6000,152000
34,1,7,49,218,152000
17,1,23,107,960,153000
1440,0,239,2000,9000,154000
53,1,37,116,679,154000
180,1,265,4000,9000,155000
8640,1,117,215,4000,156000
21,1,60,409,4000,157000
780,1,7,32,257,157000
120,1,16,215,395,159000
180,1,89,70,159,159000
480,1,26,258,231,159000
600,1,28,294,264,159000
300,1,50,81,641,160000
19,1,7,63,150,161000
960,0,137,1000,4000,162000
2880,0,5,98,364,162000
540,1,16,268,544,162000
780,0,81,564,9000,163000
14,0,103,154,1000,165000
180,0,333,549,3000,165000
60,1,15,73,286,165000
4320,1,5,17,286,165000
4320,1,5,17,287,165000
3,1,5,15,37,166000
34,1,26,258,928,166000
37,1,15,122,349,166000
56,1,34,365,1000,166000
18,1,8,41,207,168000
120,1,10,60,546,168000
2880,1,26,55,619,168000
2880,0,110,3000,26000,169000
2880,0,111,3000,26000,169000
30,1,4,51,50,172000
120,1,182,3000,2000,175000
540,1,89,50,173,175000
26,1,5,27,159,176000
60,1,57,23,49,176000
180,1,10,141,415,176000
120,1,12,138,563,177000
120,1,12,139,568,177000
180,1,12,156,621,177000
420,0,17,2000,7000,178000
660,0,17,350,2000,178000
2880,1,161,3000,11000,178000
7,1,0,0,0,179000
300,1,7,168,127,179000
840,1,14,89,503,179000
25,0,2,988,3000,180000
45,0,4,1000,5000,180000
60,0,0,0,0,180000
60,0,5,2000,6000,180000
120,1,6,19,289,180000
240,1,10,336,505,180000
5,0,18,73,339,181000
14,0,19,94,430,181000
25,0,45,285,1000,181000
120,0,53,385,2000,181000
240,1,7,75,613,181000
120,1,21,42,72,182000
120,1,4,109,401,186000
2,1,2,37,139,187000
1440,1,163,332,1000,190000
60,1,67,107,544,191000
33,1,60,429,749,194000
600,1,51,846,608,194000
60,1,51,596,4000,195000
60,1,51,614,4000,195000
18,1,12,23,96,196000
180,1,8,171,735,197000
1440,1,4,239,872,197000
1440,1,4,250,885,197000
13,0,2,62,54,198000
60,0,66,703,1000,199000
5,1,51,31,192,199000
120,1,105,92,252,199000
240,1,75,391,846,203000
300,1,85,433,929,203000
120,1,114,31,30,204000
300,1,17,103,115,204000
1320,1,27,164,352,205000
60,1,18,140,796,207000
420,1,59,343,2000,207000
2880,1,1000,23000,74000,207000
23,1,33,91,537,208000
60,1,37,111,751,208000
1,0,0,0,0,209000
24,1,10,23,44,209000
2880,1,39,717,2000,210000
3,1,2,16,56,211000
60,1,0,0,0,213000
60,1,7,72,193,213000
180,1,119,162,526,214000
900,1,1,761,3000,214000
4320,1,35,1000,6000,214000
9,0,0,0,0,216000
26,1,156,448,1000,216000
4320,1,14,146,1000,216000
240,1,69,61,108,217000
5,1,6,97,132,220000
4,1,4,64,109,221000
240,1,7,23,91,226000
4,1,1,42,79,227000
120,1,7,105,232,227000
59,1,115,997,4000,228000
4320,0,146,1000,8000,229000
180,1,315,5000,14000,229000
5760,1,147,1000,8000,229000
300,1,7,34,823,230000
1380,1,351,5000,12000,230000
1440,1,363,5000,12000,230000
19,1,57,138,650,231000
27,1,11,27,95,231000
120,1,65,1000,3000,231000
60,0,899,4000,5000,232000
180,0,953,5000,5000,232000
180,0,960,5000,6000,232000
3,1,6,89,340,232000
35,1,42,527,4000,232000
39,1,46,575,4000,232000
240,1,63,663,708,233000
780,1,111,288,577,233000
7,1,0,0,0,234000
180,1,123,49,132,234000
2880,1,197,390,794,234000
3,1,1,14,10,236000
34,1,4,10,107,236000
120,1,159,379,2000,236000
120,1,29,661,634,236000
420,1,31,355,444,242000
480,1,33,377,471,242000
11,1,46,180,1000,243000
45,1,1,121,394,243000
8640,0,492,3000,17000,245000
8640,0,1000,4000,12000,245000
34,1,46,1000,4000,245000
26,1,2,21,64,248000
18,1,7,23,77,251000
7,1,454,586,3000,252000
1320,1,13,99,99,253000
7200,1,195,383,5000,253000
2,1,70,86,504,254000
13,0,11,85,53,259000
720,1,74,239,3000,260000
18,1,6,93,200,262000
120,1,41,352,536,264000
4320,1,4,191,768,265000
5760,1,4,192,771,265000
19,1,43,106,528,266000
120,1,112,430,1000,266000
120,1,113,434,1000,266000
180,1,121,453,1000,266000
180,1,133,470,2000,266000
240,1,7,147,419,267000
180,1,33,899,601,268000
180,1,40,1000,722,268000
2880,1,653,15000,30000,268000
16,1,38,169,424,271000
21,1,46,555,1000,271000
38,1,64,869,2000,271000
120,1,115,2000,4000,271000
120,1,126,2000,5000,271000
6,1,25,16,92,272000
60,1,11,210,637,272000
60,1,13,230,727,272000
120,1,14,300,937,272000
240,1,32,398,2000,272000
1440,1,29,5000,9000,275000
120,1,40,17,127,277000
360,1,285,586,1000,278000
27,1,7,80,186,279000
120,1,62,355,1000,279000
960,1,173,3000,8000,279000
34,1,22,193,390,280000
60,1,49,41,723,280000
120,1,42,429,838,280000
600,1,10,37,115,280000
5,1,4,36,88,281000
6,1,7,30,85,282000
18,1,10,49,152,282000
180,1,74,163,724,286000
2,1,9,8,94,289000
2880,1,5,105,427,289000
180,1,21,214,382,290000
17,1,11,266,1000,292000
240,1,165,626,2000,292000
300,1,170,639,2000,292000
56,0,2,76,183,293000
60,1,16,665,3000,293000
3,1,8,18,112,295000
180,1,10,139,232,295000
8,1,6,34,78,297000
19,1,11,74,143,297000
180,1,7,194,399,297000
660,1,87,2000,5000,297000
15,1,23,76,443,299000
53,1,2,222,358,304000
4320,1,201,3000,13000,304000
60,1,0,0,0,306000
1200,1,54,128,2000,306000
5760,0,25,20,79,308000
2,1,3,32,101,311000
8,1,6,22,171,316000
29,1,518,524,2000,317000
60,1,12,123,585,317000
1260,1,1000,6000,15000,317000
1260,1,2000,6000,15000,317000
25,1,4,45,194,318000
1020,1,82,299,1000,319000
180,1,203,1000,8000,322000
26,0,36,1000,578,323000
60,1,690,723,3000,323000
39,1,66,436,2000,325000
56,1,199,827,3000,325000
60,1,121,105,511,325000
60,1,108,683,3000,325000
120,1,184,1000,5000,325000
180,1,235,2000,6000,325000
1440,1,20,42,1000,327000
14,1,6,72,138,328000
180,1,3,43,58,330000
120,1,52,117,343,332000
240,1,317,330,1000,332000
240,1,334,333,1000,332000
300,1,362,362,1000,332000
300,1,373,373,1000,332000
420,0,57,328,2000,334000
660,1,2,101,321,335000
2880,1,2,126,400,336000
2880,1,22,412,671,336000
6,1,46,73,142,337000
17,1,18,68,186,337000
3,1,0,0,0,338000
60,1,1,185,318,338000
60,1,1,222,410,338000
1320,1,63,332,1000,339000
9,1,2,65,186,341000
35,1,29,257,521,341000
44,1,12,249,2000,341000
2,1,1,8,56,344000
15,1,16,83,125,344000
360,1,73,945,2000,345000
120,1,15,9,112,354000
120,1,301,986,2000,354000
180,1,18,9,133,354000
35,0,92,1000,5000,357000
60,1,4,44,87,358000
2880,1,5,218,860,361000
60,1,64,204,3000,362000
2880,1,27,397,2000,362000
10,1,195,205,83,364000
18,1,268,279,110,364000
22,1,17,86,600,365000
2880,1,101,3000,5000,366000
120,1,588,3000,11000,373000
300,1,130,286,3000,379000
180,1,123,3000,7000,380000
60,1,47,193,795,381000
4320,1,131,2000,28000,381000
120,1,68,519,848,382000
180,1,179,547,1000,384000
840,1,337,352,1000,384000
2880,1,121,680,741,384000
2,1,12,88,161,385000
16,1,34,306,675,385000
420,1,18,195,417,385000
32,1,0,0,0,388000
56,1,112,202,976,388000
60,1,123,222,1000,388000
120,1,115,598,2000,388000
180,1,38,768,3000,388000
780,1,94,3000,7000,388000
180,1,51,1000,4000,390000
4,1,52,84,289,399000
29,1,62,675,2000,399000
60,1,114,1000,4000,399000
60,1,117,1000,4000,399000
120,1,97,2000,5000,399000
4320,1,24,566,2000,399000
9,1,31,182,647,400000
10,1,42,484,2000,402000
60,1,22,174,429,404000
5,1,3,54,86,405000
60,1,135,416,881,405000
120,1,26,347,647,405000
6,0,21,124,289,408000
47,0,26,51,55,408000
180,0,537,6000,10000,410000
1200,0,85,8000,57000,410000
120,0,38,397,1000,416000
39,1,1,45,133,418000
40,1,3,41,111,418000
180,1,37,306,724,418000
240,1,19,349,665,420000
240,1,121,586,5000,432000
36,1,151,97,216,433000
120,1,200,214,413,433000
43,1,13,656,4000,435000
2880,0,4,1000,3000,438000
420,1,3,25,60,439000
720,1,48,262,4000,446000
11520,1,322,6000,44000,446000
1,1,1,32,48,449000
120,1,45,239,2000,449000
60,1,23,139,233,452000
26,1,105,854,2000,453000
540,1,14,187,943,456000
33,1,42,63,862,458000
60,1,20,228,2000,463000
2880,1,96,531,4000,463000
44,1,41,1000,6000,464000
60,1,222,472,991,467000
120,1,62,212,574,467000
480,0,58,2000,4000,476000
660,1,13,745,2000,477000
1140,1,41,540,3000,477000
24,1,30,178,1000,478000
7,0,148,85,788,479000
17,1,44,141,720,479000
300,1,66,1000,2000,480000
180,0,10,45,125,482000
9,1,13,76,187,483000
300,1,61,405,1000,483000
1320,1,64,566,3000,497000
120,1,79,1000,12000,503000
60,0,10,403,952,507000
120,0,3,425,916,507000
300,0,7,656,2000,507000
120,1,166,895,7000,507000
120,1,27,55,838,514000
21,1,12,43,132,526000
48,1,18,82,128,526000
1440,1,22,175,906,526000
1440,1,22,175,907,526000
21,1,45,134,558,527000
120,1,11,220,2000,527000
3,1,3,25,57,529000
360,1,5,109,180,529000
420,1,5,112,184,529000
2,1,1,23,35,531000
60,1,97,898,3000,539000
120,1,43,391,597,539000
58,1,54,474,2000,545000
1,1,3,36,128,552000
60,1,30,250,336,555000
120,1,35,292,395,555000
2,1,1,11,31,562000
28,1,53,153,328,564000
7,1,13,43,35,570000
33,1,34,129,92,570000
43,1,32,145,103,570000
60,1,45,173,122,570000
120,1,63,257,174,570000
5760,1,194,273,2000,571000
60,1,33,391,1000,573000
120,1,101,52,107,573000
180,1,49,655,2000,573000
180,1,39,139,567,575000
1440,1,8000,4000,8000,579000
120,1,7,172,689,581000
120,1,74,379,1000,583000
180,1,82,400,1000,583000
1,1,9,10,62,607000
120,1,129,192,716,609000
38,1,20,370,648,620000
180,1,24,315,2000,620000
2880,1,665,9000,18000,620000
120,1,23,541,1000,621000
420,1,8,517,1000,621000
360,1,58,432,2000,635000
120,0,100,288,3000,637000
840,0,499,2000,20000,638000
900,0,515,2000,21000,638000
900,0,516,2000,21000,638000
480,1,4,88,226,638000
540,1,1,49,152,638000
1080,1,96,137,632,638000
19,1,74,10,13,639000
720,1,46,137,2000,639000
47,1,23,566,2000,642000
60,1,14,474,1000,642000
180,1,24,801,1000,642000
240,1,228,3000,8000,642000
300,1,255,3000,9000,642000
360,1,263,3000,10000,642000
4320,1,112,2000,9000,642000
34,1,26,4,26,643000
15,1,0,0,0,646000
37,1,87,543,2000,649000
39,1,90,578,2000,649000
47,1,105,683,2000,649000
60,1,44,377,1000,649000
60,1,189,503,1000,651000
60,1,226,614,1000,651000
120,1,288,847,2000,651000
60,1,45,988,4000,652000
120,1,97,503,3000,652000
16,1,56,38,688,656000
120,1,15,1000,300,657000
300,1,15,504,4000,660000
60,0,169,2000,5000,661000
120,0,141,3000,6000,661000
180,0,150,4000,7000,661000
5760,1,50,161,3000,677000
4320,1,151,955,10000,686000
3,1,49,228,429,692000
5,1,91,367,702,692000
21,1,345,1000,3000,692000
60,1,843,3000,7000,692000
29,1,11,454,1000,707000
120,1,9,177,551,715000
33,1,26,123,768,720000
240,1,185,2000,3000,722000
21,1,51,147,407,726000
120,1,94,328,1000,726000
58,1,373,2000,8000,727000
16,1,42,174,527,732000
46,1,53,1000,2000,732000
55,1,37,304,846,732000
56,1,37,312,858,732000
60,1,67,1000,2000,732000
180,1,89,2000,3000,732000
32,1,6,32,69,734000
42,1,7,34,79,734000
120,1,10,40,102,734000
240,1,8,87,67,734000
240,0,739,6000,21000,745000
2880,1,3,146,483,751000
4320,1,3,149,489,751000
2,1,3,9,129,754000
840,1,16,30,98,766000
240,1,12,54,494,775000
22,1,4,471,115,779000
1440,1,304,2000,14000,780000
7200,1,107,150,1000,782000
8640,1,124,107,1000,782000
120,1,52,240,2000,783000
240,1,133,328,5000,783000
15,1,356,2000,17000,785000
900,1,26,3000,11000,788000
7200,1,34,464,2000,788000
8640,1,34,465,2000,788000
14,1,14,17,110,792000
14,1,223,312,2000,798000
2880,1,40,58,335,800000
13,1,2,102,198,805000
420,1,13,21,342,808000
17,1,28,91,880,810000
2,1,8,21,118,817000
30,1,237,2000,5000,817000
40,1,33,186,2000,817000
1440,1,182,815,13000,843000
60,1,3,40,53,850000
120,1,3,44,57,850000
2,1,1,17,87,852000
6,1,7,48,262,852000
660,1,36,325,2000,852000
780,1,9,622,4000,852000
4,1,84,288,639,872000
13,1,73,634,1000,872000
15,1,120,439,1000,872000
36,1,359,1000,3000,872000
60,1,455,2000,1000,872000
60,1,188,2000,4000,872000
120,1,525,2000,2000,872000
